Run,File,Energy_pkg_Joules,Energy_psys_Joules,Time_elapsed_seconds,Memory_used_kb
1,SVM.py,21.61,31.13,0:00.64,114588
2,SVM.py,20.73,29.98,0:00.62,114976
3,SVM.py,19.40,28.14,0:00.59,114888
4,SVM.py,22.49,32.79,0:00.70,114932
5,SVM.py,20.76,30.32,0:00.65,114812
6,SVM.py,18.98,27.72,0:00.59,114720
7,SVM.py,21.30,31.26,0:00.68,115228
8,SVM.py,20.65,30.79,0:00.69,114820
9,SVM.py,19.68,29.10,0:00.65,114632
10,SVM.py,20.38,30.43,0:00.70,114796
11,SVM.py,19.44,28.93,0:00.66,114896
12,SVM.py,19.50,28.78,0:00.64,115164
13,SVM.py,22.50,32.96,0:00.71,114836
14,SVM.py,18.68,28.14,0:00.66,114960
15,SVM.py,21.05,31.47,0:00.73,115136
16,SVM.py,20.11,30.31,0:00.72,114960
17,SVM.py,18.66,28.63,0:00.71,114396
18,SVM.py,18.90,29.07,0:00.73,114708
19,SVM.py,20.34,31.23,0:00.77,114508
20,SVM.py,20.04,30.30,0:00.71,114988
21,SVM.py,18.72,28.22,0:00.70,114932
22,SVM.py,19.29,28.30,0:00.71,114924
23,SVM.py,18.86,27.45,0:00.74,114980
24,SVM.py,18.68,27.42,0:00.76,114872
25,SVM.py,18.01,26.56,0:00.74,115116
26,SVM.py,17.46,25.33,0:00.67,114512
27,SVM.py,19.33,28.26,0:00.77,114476
28,SVM.py,19.82,28.63,0:00.74,114916
29,SVM.py,19.98,29.33,0:00.80,114788
30,SVM.py,19.12,28.20,0:00.78,114468
31,SVM.py,16.69,24.94,0:00.71,115012
32,SVM.py,18.23,27.04,0:00.77,114668
33,SVM.py,19.45,28.25,0:00.75,115244
34,SVM.py,18.11,27.00,0:00.77,115028
35,SVM.py,19.38,28.34,0:00.75,115036
36,SVM.py,18.24,27.18,0:00.78,114620
37,SVM.py,16.04,24.45,0:00.74,114932
38,SVM.py,17.68,26.44,0:00.75,114740
39,SVM.py,17.89,26.32,0:00.72,114380
40,SVM.py,18.23,26.95,0:00.75,114924
41,SVM.py,17.58,26.13,0:00.73,114480
42,SVM.py,17.56,26.26,0:00.75,114864
43,SVM.py,17.91,27.01,0:00.79,114680
44,SVM.py,15.97,23.74,0:00.67,114976
45,SVM.py,17.69,26.86,0:00.80,114984
46,SVM.py,17.32,25.70,0:00.72,115316
47,SVM.py,16.05,24.38,0:00.72,114392
48,SVM.py,15.22,23.19,0:00.70,115068
49,SVM.py,16.69,24.86,0:00.70,114356
50,SVM.py,18.44,27.40,0:00.77,114504
1,RF.py,23.90,35.80,0:01.00,123744
2,RF.py,24.83,36.65,0:00.99,123660
3,RF.py,23.07,34.32,0:00.97,123572
4,RF.py,24.49,36.16,0:01.00,124196
5,RF.py,23.87,35.98,0:01.05,124316
6,RF.py,24.65,36.31,0:00.99,123944
7,RF.py,24.38,36.07,0:00.99,123604
8,RF.py,23.11,34.92,0:01.04,123756
9,RF.py,24.43,36.91,0:01.08,123944
10,RF.py,24.47,36.77,0:01.06,123896
11,RF.py,24.42,36.03,0:00.98,123728
12,RF.py,23.12,34.90,0:01.01,123992
13,RF.py,25.10,37.20,0:01.03,123868
14,RF.py,24.79,36.86,0:01.04,124012
15,RF.py,22.88,34.41,0:01.00,124356
16,RF.py,22.69,34.46,0:01.03,123892
17,RF.py,20.43,33.89,0:01.25,123948
18,RF.py,21.44,35.51,0:01.32,123028
19,RF.py,19.02,31.45,0:01.16,123984
20,RF.py,19.49,32.23,0:01.19,124252
21,RF.py,20.56,33.88,0:01.25,123880
22,RF.py,20.23,33.45,0:01.23,124024
23,RF.py,21.18,35.04,0:01.30,124208
24,RF.py,20.40,33.66,0:01.24,124032
25,RF.py,18.09,30.10,0:01.13,123756
26,RF.py,20.60,34.02,0:01.25,123984
27,RF.py,18.58,30.76,0:01.15,123896
28,RF.py,20.26,33.67,0:01.27,123728
29,RF.py,20.47,33.62,0:01.22,123424
30,RF.py,20.23,33.55,0:01.24,123936
31,RF.py,19.95,32.87,0:01.22,123748
32,RF.py,19.71,32.58,0:01.21,124032
33,RF.py,19.37,32.05,0:01.19,124156
34,RF.py,19.04,31.45,0:01.16,123572
35,RF.py,19.90,32.88,0:01.23,123844
36,RF.py,21.21,34.89,0:01.30,124052
37,RF.py,20.49,33.84,0:01.25,123580
38,RF.py,19.78,32.89,0:01.25,123748
39,RF.py,21.87,35.97,0:01.32,123928
40,RF.py,18.98,31.76,0:01.20,123956
41,RF.py,19.91,33.03,0:01.23,124040
42,RF.py,19.60,32.65,0:01.23,123476
43,RF.py,20.73,34.48,0:01.31,124212
44,RF.py,19.08,31.90,0:01.20,124008
45,RF.py,20.51,34.00,0:01.25,124196
46,RF.py,21.68,35.80,0:01.33,123388
47,RF.py,18.27,30.33,0:01.15,123740
48,RF.py,19.27,32.03,0:01.19,123804
49,RF.py,19.74,32.91,0:01.23,123872
50,RF.py,19.90,33.05,0:01.23,123860
1,NB.py,14.65,24.45,0:00.93,109184
2,NB.py,13.48,22.60,0:00.87,109428
3,NB.py,14.22,23.75,0:00.90,109400
4,NB.py,14.43,24.28,0:00.92,109264
5,NB.py,13.35,22.44,0:00.86,109172
6,NB.py,14.79,24.80,0:00.95,109032
7,NB.py,13.35,22.60,0:00.88,109416
8,NB.py,12.56,21.35,0:00.84,109304
9,NB.py,13.43,22.61,0:00.86,108944
10,NB.py,13.35,22.59,0:00.88,108796
11,NB.py,14.98,25.30,0:00.98,108896
12,NB.py,13.33,22.67,0:00.87,109612
13,NB.py,13.20,22.36,0:00.88,109060
14,NB.py,13.36,22.50,0:00.87,109480
15,NB.py,13.64,22.84,0:00.87,109636
16,NB.py,13.48,22.76,0:00.88,109404
17,NB.py,12.60,21.27,0:00.83,109460
18,NB.py,15.60,26.03,0:00.97,109096
19,NB.py,13.10,22.00,0:00.84,109072
20,NB.py,14.35,24.14,0:00.93,109428
21,NB.py,14.06,23.74,0:00.91,108940
22,NB.py,13.51,22.78,0:00.87,108932
23,NB.py,13.23,22.34,0:00.87,109372
24,NB.py,14.02,23.71,0:00.91,109044
25,NB.py,14.26,23.88,0:00.92,108744
26,NB.py,14.20,23.83,0:00.91,109720
27,NB.py,13.83,23.43,0:00.91,109384
28,NB.py,13.40,22.46,0:00.86,109064
29,NB.py,13.26,22.31,0:00.87,109132
30,NB.py,13.35,22.48,0:00.86,109508
31,NB.py,13.50,22.76,0:00.87,109204
32,NB.py,14.84,24.78,0:00.94,109068
33,NB.py,14.41,24.15,0:00.92,109144
34,NB.py,13.80,23.07,0:00.87,109708
35,NB.py,14.06,23.61,0:00.91,109136
36,NB.py,12.84,21.69,0:00.84,109324
37,NB.py,13.65,22.98,0:00.89,109144
38,NB.py,13.70,23.05,0:00.90,109052
39,NB.py,14.10,23.76,0:00.92,109296
40,NB.py,14.55,24.40,0:00.92,109092
41,NB.py,14.82,24.77,0:00.95,109000
42,NB.py,14.65,24.72,0:00.94,109116
43,NB.py,12.70,21.44,0:00.84,109184
44,NB.py,13.28,22.42,0:00.88,109292
45,NB.py,13.89,23.27,0:00.88,109292
46,NB.py,14.13,23.74,0:00.90,109312
47,NB.py,14.39,24.24,0:00.93,108888
48,NB.py,13.64,23.07,0:00.89,108924
49,NB.py,14.94,24.86,0:00.95,108748
50,NB.py,14.53,24.43,0:00.95,108924
1,LR.py,18.17,30.37,0:01.15,143724
2,LR.py,12.83,24.82,0:01.00,143772
3,LR.py,19.61,34.89,0:01.18,143588
4,LR.py,13.97,27.47,0:01.07,144004
5,LR.py,12.62,25.18,0:01.01,144244
6,LR.py,15.91,30.03,0:01.09,143980
7,LR.py,12.18,24.67,0:01.00,144096
8,LR.py,11.45,23.30,0:00.95,144156
9,LR.py,11.21,22.92,0:00.96,144040
10,LR.py,11.64,23.72,0:00.98,144388
11,LR.py,10.92,22.53,0:00.95,143988
12,LR.py,10.91,22.73,0:00.97,144236
13,LR.py,11.56,23.53,0:00.96,144168
14,LR.py,10.83,22.52,0:00.96,144100
15,LR.py,11.52,23.39,0:00.97,143996
16,LR.py,11.35,23.29,0:00.97,143812
17,LR.py,11.12,22.85,0:00.96,143860
18,LR.py,13.91,27.34,0:01.06,143776
19,LR.py,11.69,23.99,0:00.99,144140
20,LR.py,10.62,22.25,0:00.95,143816
21,LR.py,11.07,22.90,0:00.96,144064
22,LR.py,12.16,22.96,0:00.87,143984
23,LR.py,18.71,28.86,0:00.72,144060
24,LR.py,19.77,29.77,0:00.70,144116
25,LR.py,18.81,28.49,0:00.69,143984
26,LR.py,18.22,28.29,0:00.73,144228
27,LR.py,19.38,29.46,0:00.71,146112
28,LR.py,19.23,29.40,0:00.73,144040
29,LR.py,17.67,27.67,0:00.73,143816
30,LR.py,17.23,27.49,0:00.75,143980
31,LR.py,17.97,28.15,0:00.73,143784
32,LR.py,18.23,28.48,0:00.74,143792
33,LR.py,16.69,26.84,0:00.75,143980
34,LR.py,18.08,28.08,0:00.73,144184
35,LR.py,18.46,28.70,0:00.73,143916
36,LR.py,18.49,28.84,0:00.75,144076
37,LR.py,17.24,26.67,0:00.74,144072
38,LR.py,18.76,27.77,0:00.74,143928
39,LR.py,17.99,26.33,0:00.71,143976
40,LR.py,17.33,25.50,0:00.72,144180
41,LR.py,17.55,26.11,0:00.75,144024
42,LR.py,16.94,25.61,0:00.76,143668
43,LR.py,17.17,25.29,0:00.72,144316
44,LR.py,17.07,25.73,0:00.77,143940
45,LR.py,16.81,25.53,0:00.78,144164
46,LR.py,23.73,35.48,0:00.88,144352
47,LR.py,28.30,43.91,0:01.09,144108
48,LR.py,17.81,29.50,0:00.86,143976
49,LR.py,20.39,32.47,0:00.87,144116
50,LR.py,18.53,29.23,0:00.77,144220
1,KNN.py,20.30,31.94,0:00.83,117364
2,KNN.py,15.15,25.02,0:00.72,117580
3,KNN.py,13.92,22.95,0:00.67,117776
4,KNN.py,12.57,22.04,0:00.72,117828
5,KNN.py,11.05,20.67,0:00.76,117176
6,KNN.py,11.19,20.90,0:00.76,117796
7,KNN.py,11.23,21.27,0:00.78,116712
8,KNN.py,10.27,20.06,0:00.77,117644
9,KNN.py,11.20,21.67,0:00.82,117244
10,KNN.py,10.46,20.27,0:00.78,117048
11,KNN.py,10.10,19.81,0:00.77,117884
12,KNN.py,10.76,20.53,0:00.77,117388
13,KNN.py,11.14,21.31,0:00.80,117768
14,KNN.py,10.88,20.92,0:00.79,117644
15,KNN.py,11.28,21.56,0:00.80,117192
16,KNN.py,10.64,20.70,0:00.79,117892
17,KNN.py,10.83,20.62,0:00.78,117800
18,KNN.py,10.95,20.98,0:00.79,118032
19,KNN.py,10.93,20.67,0:00.79,117668
20,KNN.py,10.74,19.48,0:00.79,118028
21,KNN.py,11.13,19.40,0:00.78,117484
22,KNN.py,11.10,19.51,0:00.80,117864
23,KNN.py,10.83,18.87,0:00.78,117792
24,KNN.py,10.71,18.84,0:00.78,117656
25,KNN.py,10.73,18.54,0:00.75,117500
26,KNN.py,10.47,18.16,0:00.75,117548
27,KNN.py,10.55,18.40,0:00.76,117756
28,KNN.py,10.84,18.88,0:00.76,117368
29,KNN.py,10.46,18.29,0:00.75,117004
30,KNN.py,10.53,18.37,0:00.76,117392
31,KNN.py,10.54,18.39,0:00.75,117324
32,KNN.py,10.58,18.34,0:00.75,117696
33,KNN.py,10.64,18.51,0:00.76,117808
34,KNN.py,9.97,17.47,0:00.72,117680
35,KNN.py,10.69,18.64,0:00.74,117756
36,KNN.py,10.57,18.44,0:00.75,117612
37,KNN.py,10.53,18.41,0:00.75,117380
38,KNN.py,10.71,18.66,0:00.77,117400
39,KNN.py,10.77,18.71,0:00.77,117576
40,KNN.py,10.25,17.96,0:00.74,117616
41,KNN.py,10.80,18.56,0:00.75,117504
42,KNN.py,11.09,19.24,0:00.78,117632
43,KNN.py,10.36,18.17,0:00.75,117288
44,KNN.py,10.08,17.64,0:00.73,117884
45,KNN.py,10.75,18.46,0:00.74,117636
46,KNN.py,10.47,18.29,0:00.76,117992
47,KNN.py,10.50,18.10,0:00.73,117760
48,KNN.py,10.48,18.30,0:00.76,117576
49,KNN.py,10.43,18.08,0:00.72,117508
50,KNN.py,10.62,18.57,0:00.77,117544
1,KMC.py,13.56,23.84,0:00.98,160664
2,KMC.py,13.38,23.37,0:00.96,160664
3,KMC.py,13.73,23.69,0:00.97,160396
4,KMC.py,13.80,24.07,0:00.99,160608
5,KMC.py,13.66,23.72,0:00.97,160660
6,KMC.py,20.92,36.47,0:01.33,160400
7,KMC.py,15.25,30.34,0:01.19,160316
8,KMC.py,13.31,26.19,0:01.02,160468
9,KMC.py,13.85,26.51,0:00.98,160424
10,KMC.py,13.25,25.23,0:00.94,160640
11,KMC.py,13.77,26.38,0:00.98,160516
12,KMC.py,13.84,26.28,0:00.97,160672
13,KMC.py,14.14,27.10,0:01.01,160044
14,KMC.py,14.06,26.90,0:00.99,160672
15,KMC.py,13.00,24.92,0:00.94,160320
16,KMC.py,13.49,25.90,0:00.96,160596
17,KMC.py,13.90,26.46,0:00.99,160372
18,KMC.py,13.51,25.74,0:00.97,160472
19,KMC.py,14.10,27.05,0:01.00,160296
20,KMC.py,14.27,27.11,0:01.01,160032
21,KMC.py,13.39,24.82,0:00.97,160488
22,KMC.py,14.25,25.19,0:01.01,160688
23,KMC.py,13.61,23.70,0:00.97,160332
24,KMC.py,14.39,25.24,0:01.01,160556
25,KMC.py,13.84,24.37,0:00.99,160644
26,KMC.py,13.59,24.02,0:00.98,160616
27,KMC.py,13.62,23.79,0:00.97,160812
28,KMC.py,14.32,25.06,0:01.02,160024
29,KMC.py,14.36,24.98,0:01.02,160504
30,KMC.py,14.32,25.02,0:01.02,160256
31,KMC.py,18.63,32.62,0:01.18,160588
32,KMC.py,23.65,42.59,0:01.44,160188
33,KMC.py,12.08,25.38,0:01.08,160480
34,KMC.py,11.92,24.94,0:01.05,159860
35,KMC.py,12.91,25.06,0:00.96,160640
36,KMC.py,13.69,26.06,0:00.96,160516
37,KMC.py,13.96,26.68,0:00.99,160528
38,KMC.py,13.79,26.25,0:00.98,160324
39,KMC.py,14.01,26.71,0:00.99,160280
40,KMC.py,13.85,26.55,0:00.98,160784
41,KMC.py,13.47,25.87,0:00.96,160772
42,KMC.py,15.30,27.64,0:00.93,160232
43,KMC.py,20.07,30.87,0:00.77,160424
44,KMC.py,20.85,32.09,0:00.80,160652
45,KMC.py,21.47,32.80,0:00.79,160660
46,KMC.py,20.01,30.49,0:00.81,160564
47,KMC.py,20.60,30.05,0:00.80,160528
48,KMC.py,20.08,29.51,0:00.80,160560
49,KMC.py,20.24,29.86,0:00.83,160520
50,KMC.py,18.95,28.27,0:00.82,160308
1,SVM.R,26.51,43.24,0:01.51,228088
2,SVM.R,25.79,42.13,0:01.49,228088
3,SVM.R,28.03,44.44,0:01.43,227704
4,SVM.R,25.34,41.39,0:01.45,228088
5,SVM.R,28.36,44.79,0:01.44,228088
6,SVM.R,26.65,42.38,0:01.41,227704
7,SVM.R,28.07,44.51,0:01.45,227832
8,SVM.R,27.25,44.05,0:01.51,227704
9,SVM.R,27.97,44.34,0:01.46,227832
10,SVM.R,28.52,46.52,0:01.45,227956
11,SVM.R,41.04,66.47,0:01.80,227960
12,SVM.R,27.12,46.59,0:01.43,227960
13,SVM.R,27.38,46.88,0:01.43,228088
14,SVM.R,25.32,45.35,0:01.50,227832
15,SVM.R,25.16,44.85,0:01.48,227832
16,SVM.R,24.47,44.31,0:01.50,227960
17,SVM.R,24.46,43.92,0:01.48,227704
18,SVM.R,26.92,47.25,0:01.50,227860
19,SVM.R,26.25,50.33,0:01.84,227764
20,SVM.R,32.86,63.15,0:02.34,228088
21,SVM.R,19.44,40.28,0:01.65,228088
22,SVM.R,20.76,40.44,0:01.51,228088
23,SVM.R,20.42,39.73,0:01.50,227832
24,SVM.R,20.79,40.41,0:01.51,227960
25,SVM.R,20.99,40.74,0:01.53,227704
26,SVM.R,21.21,41.22,0:01.53,227724
27,SVM.R,20.83,40.39,0:01.52,227960
28,SVM.R,21.32,41.21,0:01.53,227952
29,SVM.R,21.21,39.62,0:01.53,227704
30,SVM.R,21.22,37.73,0:01.53,227956
31,SVM.R,21.20,37.42,0:01.52,227704
32,SVM.R,20.96,37.14,0:01.50,227960
33,SVM.R,21.37,37.70,0:01.53,227832
34,SVM.R,20.81,36.96,0:01.50,227960
35,SVM.R,20.85,36.81,0:01.49,227960
36,SVM.R,20.87,36.94,0:01.50,227832
37,SVM.R,21.28,37.50,0:01.53,227704
38,SVM.R,20.67,36.71,0:01.49,227832
39,SVM.R,20.88,36.68,0:01.49,227836
40,SVM.R,20.84,36.96,0:01.50,227960
41,SVM.R,20.61,36.35,0:01.48,227960
42,SVM.R,21.27,37.64,0:01.53,228088
43,SVM.R,21.25,37.46,0:01.52,227704
44,SVM.R,20.79,36.73,0:01.49,228036
45,SVM.R,21.03,36.92,0:01.51,227704
46,SVM.R,20.73,36.66,0:01.48,227704
47,SVM.R,21.68,38.16,0:01.56,227704
48,SVM.R,21.27,37.58,0:01.52,227828
49,SVM.R,20.75,36.46,0:01.49,228088
50,SVM.R,20.86,36.71,0:01.48,227832
1,RF.R,20.65,36.49,0:01.49,228600
2,RF.R,21.06,37.10,0:01.49,228472
3,RF.R,20.86,36.80,0:01.50,228472
4,RF.R,20.73,36.72,0:01.49,228600
5,RF.R,21.18,37.31,0:01.52,228596
6,RF.R,20.80,36.76,0:01.49,228472
7,RF.R,21.06,36.98,0:01.50,228600
8,RF.R,20.85,36.91,0:01.50,228600
9,RF.R,20.68,36.42,0:01.48,228856
10,RF.R,21.73,38.38,0:01.55,228344
11,RF.R,21.06,37.14,0:01.52,228344
12,RF.R,20.95,37.07,0:01.49,228600
13,RF.R,21.00,36.92,0:01.51,228728
14,RF.R,21.32,37.47,0:01.52,228472
15,RF.R,20.53,36.07,0:01.48,228552
16,RF.R,31.80,57.59,0:02.07,228344
17,RF.R,30.77,60.62,0:02.34,228472
18,RF.R,31.91,59.23,0:02.09,228472
19,RF.R,20.64,43.48,0:01.79,228476
20,RF.R,22.76,43.78,0:01.62,228472
21,RF.R,22.28,42.76,0:01.59,228472
22,RF.R,21.84,41.99,0:01.56,228536
23,RF.R,21.74,41.72,0:01.54,228472
24,RF.R,22.46,43.29,0:01.61,228680
25,RF.R,22.03,42.18,0:01.57,228472
26,RF.R,21.89,42.20,0:01.57,228728
27,RF.R,21.64,41.71,0:01.55,228732
28,RF.R,22.52,43.08,0:01.61,228344
29,RF.R,22.37,40.07,0:01.61,228600
30,RF.R,22.51,39.77,0:01.61,228600
31,RF.R,22.27,39.19,0:01.60,228472
32,RF.R,21.61,38.12,0:01.55,228600
33,RF.R,21.99,38.58,0:01.57,228472
34,RF.R,21.59,38.06,0:01.54,228596
35,RF.R,21.47,37.88,0:01.54,228600
36,RF.R,22.38,39.38,0:01.60,228504
37,RF.R,21.66,38.19,0:01.56,228600
38,RF.R,21.76,38.40,0:01.55,228472
39,RF.R,21.80,38.21,0:01.55,228472
40,RF.R,21.86,38.60,0:01.58,228472
41,RF.R,22.10,38.94,0:01.58,228600
42,RF.R,21.45,37.98,0:01.54,228472
43,RF.R,21.68,38.15,0:01.54,228472
44,RF.R,21.82,38.47,0:01.56,228472
45,RF.R,21.77,38.35,0:01.57,228724
46,RF.R,22.02,38.76,0:01.57,228600
47,RF.R,21.36,37.62,0:01.54,228444
48,RF.R,21.60,37.99,0:01.54,228600
49,RF.R,21.44,37.76,0:01.54,228600
50,RF.R,22.10,38.90,0:01.58,228472
1,NB.R,22.08,38.66,0:01.57,227068
2,NB.R,22.03,38.85,0:01.58,226812
3,NB.R,21.47,37.76,0:01.54,226932
4,NB.R,21.55,37.97,0:01.54,227072
5,NB.R,21.38,37.56,0:01.54,227064
6,NB.R,21.45,37.83,0:01.54,227188
7,NB.R,21.57,37.93,0:01.54,226804
8,NB.R,21.65,38.13,0:01.54,227064
9,NB.R,21.47,37.96,0:01.54,227068
10,NB.R,21.92,38.69,0:01.57,227192
11,NB.R,21.46,37.73,0:01.54,226808
12,NB.R,21.52,37.91,0:01.54,226700
13,NB.R,21.78,38.33,0:01.57,226808
14,NB.R,21.94,38.64,0:01.57,227192
15,NB.R,22.00,38.53,0:01.57,226808
16,NB.R,21.84,38.51,0:01.57,226936
17,NB.R,21.52,37.81,0:01.54,226936
18,NB.R,21.46,37.86,0:01.54,226936
19,NB.R,21.25,37.26,0:01.51,227016
20,NB.R,21.49,37.90,0:01.54,226936
21,NB.R,21.93,38.41,0:01.57,226932
22,NB.R,21.47,37.97,0:01.55,226936
23,NB.R,21.32,37.40,0:01.53,227064
24,NB.R,21.92,38.48,0:01.56,226936
25,NB.R,22.73,39.45,0:01.56,226932
26,NB.R,24.19,43.49,0:01.81,227064
27,NB.R,21.79,38.29,0:01.57,227064
28,NB.R,22.21,39.07,0:01.59,226936
29,NB.R,21.27,37.43,0:01.52,226936
30,NB.R,21.49,37.90,0:01.54,226936
31,NB.R,21.62,37.79,0:01.54,226936
32,NB.R,21.85,38.56,0:01.57,227192
33,NB.R,21.47,37.73,0:01.54,226808
34,NB.R,21.94,38.63,0:01.57,227064
35,NB.R,21.39,37.50,0:01.53,226936
36,NB.R,21.76,38.34,0:01.55,227192
37,NB.R,21.16,37.33,0:01.53,227064
38,NB.R,21.98,38.60,0:01.57,227072
39,NB.R,21.48,37.66,0:01.54,226936
40,NB.R,21.53,38.01,0:01.54,226932
41,NB.R,21.58,37.88,0:01.54,226808
42,NB.R,21.53,37.88,0:01.54,227320
43,NB.R,21.43,37.62,0:01.53,227068
44,NB.R,22.01,38.80,0:01.57,226936
45,NB.R,21.56,37.89,0:01.55,226808
46,NB.R,21.62,38.07,0:01.54,226936
47,NB.R,21.40,37.58,0:01.54,226936
48,NB.R,21.88,38.42,0:01.55,227064
49,NB.R,21.32,37.52,0:01.54,227192
50,NB.R,21.78,38.45,0:01.57,226936
1,LR.R,25.84,45.53,0:01.86,270324
2,LR.R,49.60,80.88,0:02.38,269812
3,LR.R,32.97,57.09,0:01.81,270388
4,LR.R,41.42,67.89,0:01.89,270192
5,LR.R,32.46,55.42,0:01.71,270176
6,LR.R,32.70,56.21,0:01.74,270072
7,LR.R,50.32,80.24,0:02.12,270196
8,LR.R,31.36,54.69,0:01.74,270148
9,LR.R,30.89,54.51,0:01.77,270384
10,LR.R,32.23,55.62,0:01.75,270028
11,LR.R,30.38,54.02,0:01.78,270260
12,LR.R,32.97,56.52,0:01.75,270324
13,LR.R,31.09,54.66,0:01.76,270156
14,LR.R,32.87,56.62,0:01.77,270388
15,LR.R,29.66,52.51,0:01.81,270476
16,LR.R,30.17,49.91,0:01.80,270196
17,LR.R,30.69,50.87,0:01.84,270532
18,LR.R,29.01,48.61,0:01.80,270260
19,LR.R,26.04,46.92,0:01.96,270048
20,LR.R,26.24,47.01,0:01.96,270256
21,LR.R,26.38,47.32,0:01.95,270236
22,LR.R,26.39,47.04,0:01.94,270516
23,LR.R,26.50,47.15,0:01.93,270196
24,LR.R,26.59,47.25,0:01.93,270196
25,LR.R,26.71,47.29,0:01.93,270552
26,LR.R,25.86,45.73,0:01.87,270356
27,LR.R,26.62,47.17,0:01.92,270184
28,LR.R,26.40,46.63,0:01.90,270132
29,LR.R,26.70,47.25,0:01.92,270324
30,LR.R,26.84,47.42,0:01.92,270128
31,LR.R,27.03,48.08,0:01.94,270316
32,LR.R,26.20,46.35,0:01.88,270388
33,LR.R,25.95,45.92,0:01.86,270136
34,LR.R,26.48,46.61,0:01.89,270628
35,LR.R,25.94,45.91,0:01.86,270704
36,LR.R,26.49,46.71,0:01.89,270488
37,LR.R,26.33,46.65,0:01.90,270260
38,LR.R,26.05,45.79,0:01.86,270452
39,LR.R,26.52,46.92,0:01.90,270124
40,LR.R,26.66,47.01,0:01.91,270272
41,LR.R,26.02,45.94,0:01.87,270516
42,LR.R,26.65,46.94,0:01.90,270196
43,LR.R,25.83,45.56,0:01.86,270004
44,LR.R,26.18,46.01,0:01.86,270320
45,LR.R,26.00,46.07,0:01.87,270428
46,LR.R,25.79,45.46,0:01.85,270388
47,LR.R,26.05,45.96,0:01.87,270132
48,LR.R,25.98,45.77,0:01.86,270328
49,LR.R,25.95,45.82,0:01.86,270368
50,LR.R,26.62,46.82,0:01.91,270200
1,KNN.R,22.39,39.22,0:01.58,228600
2,KNN.R,22.45,39.55,0:01.61,228604
3,KNN.R,21.80,38.28,0:01.56,228596
4,KNN.R,21.54,37.94,0:01.55,228472
5,KNN.R,21.79,38.33,0:01.56,228472
6,KNN.R,21.33,37.45,0:01.53,228600
7,KNN.R,21.75,38.22,0:01.55,228472
8,KNN.R,21.66,38.13,0:01.56,228472
9,KNN.R,21.93,38.54,0:01.56,228344
10,KNN.R,22.01,38.70,0:01.59,228600
11,KNN.R,21.79,38.27,0:01.56,228344
12,KNN.R,21.72,38.23,0:01.55,228472
13,KNN.R,21.62,38.20,0:01.56,228472
14,KNN.R,21.61,37.88,0:01.54,228472
15,KNN.R,22.62,39.85,0:01.62,228600
16,KNN.R,21.87,38.44,0:01.56,228600
17,KNN.R,21.77,38.36,0:01.56,228344
18,KNN.R,21.62,37.96,0:01.55,228240
19,KNN.R,21.79,38.36,0:01.56,228344
20,KNN.R,21.63,38.03,0:01.55,228468
21,KNN.R,21.88,38.58,0:01.57,228300
22,KNN.R,21.99,38.60,0:01.58,228728
23,KNN.R,21.67,38.18,0:01.55,228472
24,KNN.R,21.71,38.10,0:01.55,228340
25,KNN.R,21.79,38.35,0:01.55,228596
26,KNN.R,21.73,38.07,0:01.55,228600
27,KNN.R,21.70,38.23,0:01.55,228444
28,KNN.R,22.54,39.66,0:01.62,228472
29,KNN.R,21.68,38.20,0:01.56,228344
30,KNN.R,21.65,37.93,0:01.55,228472
31,KNN.R,21.74,38.35,0:01.56,228344
32,KNN.R,34.47,63.03,0:02.26,228600
33,KNN.R,20.65,42.27,0:01.70,228344
34,KNN.R,22.23,42.95,0:01.59,228472
35,KNN.R,22.28,42.73,0:01.59,228468
36,KNN.R,22.52,43.35,0:01.61,228728
37,KNN.R,22.39,43.04,0:01.61,228344
38,KNN.R,22.38,43.07,0:01.59,228596
39,KNN.R,22.17,42.67,0:01.59,228344
40,KNN.R,22.56,43.12,0:01.61,228472
41,KNN.R,22.18,39.60,0:01.59,228600
42,KNN.R,22.11,38.99,0:01.58,228600
43,KNN.R,22.48,39.47,0:01.61,228468
44,KNN.R,22.18,39.10,0:01.58,228600
45,KNN.R,22.43,39.52,0:01.61,228728
46,KNN.R,22.63,39.97,0:01.62,228472
47,KNN.R,22.54,39.57,0:01.62,228600
48,KNN.R,21.96,38.80,0:01.57,228472
49,KNN.R,21.32,37.51,0:01.52,228344
50,KNN.R,24.73,40.67,0:01.46,228472
1,KMC.R,32.17,51.18,0:01.70,262920
2,KMC.R,34.08,53.94,0:01.77,262852
3,KMC.R,31.27,50.70,0:01.78,263308
4,KMC.R,31.29,51.12,0:01.81,263176
5,KMC.R,32.32,51.49,0:01.74,262992
6,KMC.R,32.40,51.84,0:01.75,263172
7,KMC.R,31.46,50.65,0:01.75,263168
8,KMC.R,30.47,50.04,0:01.80,262952
9,KMC.R,33.03,52.69,0:01.77,262992
10,KMC.R,55.23,85.38,0:02.24,262856
11,KMC.R,31.59,56.09,0:01.85,262908
12,KMC.R,32.44,56.29,0:01.78,264516
13,KMC.R,30.10,53.81,0:01.81,262916
14,KMC.R,29.88,54.63,0:01.88,262912
15,KMC.R,25.53,50.30,0:01.93,263168
16,KMC.R,26.11,51.21,0:01.95,263044
17,KMC.R,26.51,51.82,0:01.96,262856
18,KMC.R,26.49,49.24,0:01.94,263048
19,KMC.R,27.02,48.31,0:01.98,262964
20,KMC.R,27.05,48.17,0:01.97,263040
21,KMC.R,26.98,47.71,0:01.96,262808
22,KMC.R,27.06,47.85,0:01.95,262944
23,KMC.R,27.01,47.78,0:01.95,262664
24,KMC.R,27.05,47.78,0:01.94,263128
25,KMC.R,26.80,47.42,0:01.93,263308
26,KMC.R,27.04,47.72,0:01.94,263040
27,KMC.R,27.29,48.06,0:01.97,263048
28,KMC.R,27.26,48.08,0:01.95,263152
29,KMC.R,26.32,46.39,0:01.90,262704
30,KMC.R,26.89,47.49,0:01.93,262936
31,KMC.R,26.98,47.50,0:01.93,263040
32,KMC.R,27.04,47.77,0:01.94,263048
33,KMC.R,27.14,47.77,0:01.94,263048
34,KMC.R,27.29,48.25,0:01.96,262920
35,KMC.R,27.09,47.75,0:01.95,262988
36,KMC.R,27.28,48.12,0:01.95,262712
37,KMC.R,27.31,48.11,0:01.96,263152
38,KMC.R,27.34,48.10,0:01.95,263048
39,KMC.R,26.78,47.18,0:01.93,263168
40,KMC.R,27.00,47.61,0:01.93,262868
41,KMC.R,27.05,47.60,0:01.93,263116
42,KMC.R,26.29,46.43,0:01.89,263052
43,KMC.R,26.45,46.49,0:01.90,263108
44,KMC.R,26.79,47.20,0:01.92,263300
45,KMC.R,26.51,46.54,0:01.89,263052
46,KMC.R,26.76,47.16,0:01.92,263128
47,KMC.R,26.41,46.45,0:01.89,263124
48,KMC.R,26.68,47.02,0:01.90,262876
49,KMC.R,26.44,46.53,0:01.90,262984
50,KMC.R,27.31,48.07,0:01.96,263020
